month,struts,spring,angular,reactjs,maven,gradle,postman,soapui,nltk,spacy,stanford-nlp,sql-server,mysql,mongodb,postgresql,java,python,html,css,.net,json,ruby,django,string,r,regex,ajax,bonecp,hikaricp,numpy,scipy,ruby-on-rails,hibernate,matlab,firefox,netbeans,php,linux,ios,android,eclipse,scala,visual-studio,macos,vb.net,windows,swing,amazon-web-services,selenium,spring-mvc,android-studio,hadoop,tomcat,jpa,javascript,c#,jquery,wordpress,ubuntu,swift,groovy,machine-learning,unix,jdbc,asp.net,wpf,flutter,bash,git,pandas,qt,cordova,codeigniter,symfony,xamarin,appcelerator,titanium,gcc,c,raspberry-pi,flash,curl,visual-c++,drupal,cron,angular5,xcode,shell,firebase,ms-access,cocoa,tcp,kotlin,xml,bitmap,docker,perl,pytorch,keras
2009-01,11,52,0,0,2,0,0,1,0,0,0,552,366,0,54,1158,631,407,297,1528,69,210,148,160,8,180,163,0,0,6,2,266,74,19,57,27,641,229,40,33,124,12,289,112,246,348,76,9,10,6,0,1,43,32,792,2374,383,12,10,1,18,8,65,32,1033,279,0,60,65,0,32,1,10,0,0,0,0,48,321,0,137,13,47,13,10,0,42,46,0,58,114,18,0,235,7,0,148,0,0
2009-02,12,53,0,0,1,0,0,0,1,0,0,523,360,0,49,1209,633,473,341,1623,58,287,142,174,9,224,228,0,0,7,3,262,72,27,65,26,772,202,36,48,125,12,269,108,283,350,75,4,13,8,0,1,31,24,950,2601,505,19,14,0,21,4,81,25,1188,383,0,78,78,0,28,0,10,0,0,0,0,42,333,0,162,18,74,17,9,0,62,75,0,67,156,27,0,268,15,0,164,0,0
2009-03,14,44,0,0,0,0,0,0,0,0,0,628,466,0,52,1444,766,518,341,1790,69,330,202,178,4,263,241,0,0,4,2,365,89,24,90,36,904,254,28,49,155,17,316,157,392,387,73,17,20,5,0,1,47,29,1006,3156,572,24,25,0,30,3,87,30,1518,490,0,99,81,0,45,0,14,0,0,0,0,33,433,0,205,13,87,29,13,0,47,84,0,93,154,29,0,326,17,0,140,0,0
2009-04,22,66,0,0,1,0,0,1,0,0,0,685,486,0,64,1538,768,520,385,1731,95,358,208,190,12,239,235,0,0,6,3,380,100,32,94,27,971,228,36,48,111,27,301,136,378,393,75,10,23,19,0,6,65,41,1049,3324,704,28,14,0,30,10,89,29,1491,436,0,66,90,0,50,1,17,0,0,0,0,36,459,0,170,20,92,24,13,0,66,73,0,109,157,40,0,335,16,0,161,0,0
2009-05,16,111,0,0,2,0,0,3,1,0,0,748,569,2,65,1826,1003,670,433,1956,111,404,285,237,2,341,314,0,0,7,2,525,156,42,101,48,1186,296,45,74,162,12,421,210,431,512,115,12,21,27,0,3,53,50,1432,3557,953,38,28,0,33,7,108,54,1567,599,0,99,125,0,81,2,13,0,0,0,0,54,479,0,224,24,107,35,22,0,113,83,0,126,286,34,0,370,13,0,197,0,0
2009-06,22,113,0,0,3,1,0,1,0,0,0,759,694,0,69,2121,1046,749,541,1980,131,434,302,255,5,356,337,0,0,13,2,606,138,44,112,56,1581,322,59,128,230,64,406,188,436,475,113,13,20,22,0,4,82,45,1558,3887,1167,57,23,0,45,8,109,53,1677,612,0,109,115,0,85,2,23,0,0,1,2,56,506,0,267,24,118,51,21,0,136,76,0,128,264,38,0,501,15,0,248,0,0
2009-07,17,129,0,0,8,1,0,1,1,0,1,903,884,2,120,2276,1165,961,773,2165,141,501,393,279,51,406,354,0,0,6,7,659,139,39,148,59,2036,316,52,166,218,59,494,218,448,560,117,5,25,21,0,8,107,59,1751,4409,1391,76,36,0,36,6,100,64,1933,698,0,111,131,0,104,1,54,0,0,0,0,61,543,0,308,29,155,50,19,0,165,106,0,200,279,44,0,517,20,0,259,0,0
2009-08,17,96,0,0,3,1,0,1,2,0,0,799,1003,1,138,2197,1143,975,721,2133,154,485,375,289,47,432,423,0,0,10,5,728,144,34,122,52,2196,306,63,163,232,72,451,223,549,470,142,18,30,22,1,7,79,56,1861,4461,1626,101,38,1,52,8,96,68,1850,665,0,113,156,0,139,0,42,0,0,0,0,88,532,0,272,37,126,96,27,0,170,97,0,145,298,37,0,523,24,0,252,0,0
2009-09,22,115,0,0,1,1,0,3,0,0,0,872,986,4,106,2269,1169,918,639,1988,178,477,412,263,139,462,394,0,0,8,2,709,135,51,119,53,2272,335,67,191,217,63,402,262,481,464,102,12,41,36,0,11,93,49,1752,4358,1642,105,36,0,57,2,102,58,1871,671,0,117,190,0,146,0,35,0,0,2,1,90,573,0,295,47,98,118,18,0,226,123,0,168,303,55,0,527,13,0,250,0,0
2009-10,23,153,0,0,5,1,0,4,2,0,0,889,1147,2,94,2512,1424,974,704,2139,167,493,419,328,73,466,450,0,0,27,9,781,178,71,148,69,2375,421,77,251,256,100,449,257,427,491,111,20,27,33,0,6,87,47,2039,4733,1804,94,45,0,53,11,176,66,2040,682,0,153,185,0,144,0,73,0,0,0,0,91,772,0,360,42,123,115,25,0,172,136,0,147,329,41,0,554,24,0,282,0,0
2009-11,24,139,0,0,5,0,0,2,7,0,2,858,1158,12,91,2772,1562,1095,834,2034,180,658,449,335,94,513,460,0,0,39,10,813,181,117,159,72,2697,449,53,301,283,95,411,325,447,528,139,20,35,26,0,8,99,53,2228,4684,1832,113,61,0,36,18,175,66,2059,767,0,126,198,0,169,2,86,1,0,0,0,93,970,0,352,50,155,122,33,0,173,135,0,149,336,60,0,549,22,0,323,0,0
2009-12,4,153,0,0,15,2,0,1,2,0,4,809,1198,12,108,2621,1552,1090,764,1966,192,556,553,343,80,435,477,0,0,26,4,826,180,99,118,85,2754,337,65,538,243,84,397,319,498,482,133,14,42,33,0,14,76,84,2228,4397,1857,103,42,1,50,11,108,65,1844,691,0,116,195,0,147,1,103,0,0,0,0,75,835,0,337,60,141,93,28,0,188,96,0,149,321,48,0,576,23,0,258,0,0
2010-01,22,218,0,0,29,2,0,2,5,0,3,921,1376,34,149,3734,1952,1395,962,2344,232,689,669,365,94,520,572,0,0,21,15,1057,252,99,170,117,3449,411,70,951,357,105,428,351,535,594,196,17,36,56,0,20,91,88,2618,5126,2341,185,55,1,63,22,115,82,2221,797,0,160,246,0,204,4,133,0,1,1,3,116,985,0,467,77,170,152,28,0,256,116,0,141,437,64,0,628,25,0,302,0,0
2010-02,33,240,0,0,38,2,0,3,4,0,0,892,1325,40,125,3588,1872,1280,948,2383,240,691,713,414,122,562,578,0,0,40,11,1065,236,111,158,100,3175,426,90,1062,372,115,465,362,603,575,226,18,39,77,0,9,103,102,2640,5114,2340,154,49,0,59,19,151,85,2168,795,0,152,246,0,207,1,102,1,0,1,1,104,1038,0,446,45,183,165,35,0,301,123,0,118,382,61,0,667,34,0,348,0,0
2010-03,29,240,0,0,44,3,0,7,3,0,1,890,1652,40,170,4455,2076,1437,1136,2806,295,697,651,485,140,699,598,0,0,39,16,1172,267,123,158,102,3763,473,101,1296,418,115,438,333,674,621,287,21,44,66,0,30,125,128,2988,6049,2913,243,62,0,64,30,172,71,2507,968,0,222,282,0,205,8,145,1,0,2,8,149,1122,0,456,58,217,186,32,0,313,166,0,171,381,77,0,744,45,0,393,0,0
2010-04,29,200,0,0,29,2,0,8,3,0,3,826,1597,41,141,3904,1817,1447,1130,2516,309,753,592,462,160,642,560,0,0,42,17,1153,251,187,148,101,3663,454,96,1409,360,163,468,307,606,584,236,12,39,72,0,17,124,116,3005,5790,2763,215,59,1,71,27,162,86,2289,873,0,207,238,0,242,5,154,2,0,5,8,145,1185,0,447,107,211,196,32,0,294,140,1,134,396,57,0,656,39,0,368,0,0
2010-05,34,233,0,0,49,1,0,4,7,0,0,888,1660,64,194,4184,2017,1489,1136,2484,306,776,595,442,139,602,622,0,0,31,17,1296,285,207,196,98,3999,469,95,1584,408,167,522,340,548,617,228,23,61,72,0,23,121,144,3214,5955,2784,240,84,1,79,35,158,106,2438,961,0,183,245,0,241,7,156,3,0,2,6,138,1178,0,386,72,200,225,36,0,330,139,0,190,451,64,0,726,39,0,288,0,0
2010-06,44,254,0,0,27,9,0,6,4,0,1,874,1775,76,236,4301,2214,1634,1236,2495,313,854,690,452,178,752,665,0,0,43,24,1350,301,146,146,114,4107,526,133,2039,394,174,492,359,549,659,208,25,69,87,0,34,148,142,3466,6161,3082,261,93,0,93,28,147,95,2429,1058,0,196,297,0,310,10,175,1,1,5,4,139,1159,0,417,86,233,299,32,0,394,199,0,194,412,72,0,824,40,0,414,0,0
2010-07,30,303,0,0,12,2,0,4,3,0,4,1010,1808,73,168,4526,2607,1971,1385,2614,383,912,719,519,235,807,690,0,0,36,15,1480,307,152,169,115,4628,564,179,2493,469,184,479,373,683,701,209,23,68,129,0,39,124,122,3866,6696,3528,347,93,1,57,23,153,82,2615,1110,0,195,333,0,262,22,194,1,0,5,10,130,1287,0,444,98,187,331,52,0,529,184,0,206,474,57,0,830,51,0,439,0,0
2010-08,29,290,0,0,21,7,0,5,11,0,0,1077,2007,111,213,4721,2498,2015,1509,2747,391,995,751,545,283,883,749,0,0,49,13,1514,342,140,179,115,5166,577,319,2940,541,170,533,425,622,727,214,21,63,104,0,35,130,188,3996,6977,3796,405,100,1,59,22,183,113,2742,1143,0,230,314,0,261,27,190,2,0,6,9,147,1371,0,465,100,243,384,44,0,449,203,0,168,448,64,0,859,38,0,549,0,0
2010-09,17,313,0,0,19,4,0,9,7,0,7,1049,1857,111,200,4726,2254,1895,1358,2693,398,940,722,533,236,867,711,1,0,42,16,1642,339,165,167,112,4715,622,418,2795,514,225,584,349,592,681,208,19,68,123,0,25,153,174,3994,6414,3678,313,108,0,97,22,202,109,2532,1119,0,271,326,0,257,26,183,0,0,6,11,130,1388,0,429,99,179,264,50,0,505,226,0,157,341,70,0,806,45,1,461,0,0
2010-10,48,302,0,0,61,4,0,8,4,0,2,1126,1992,137,197,5047,2671,1872,1437,2537,470,924,683,588,214,889,756,0,0,51,17,1945,320,163,189,116,4540,638,547,3017,504,217,469,372,636,677,207,39,54,124,0,20,155,167,4121,6757,3777,288,114,0,101,23,221,84,2526,1162,0,254,341,0,271,22,158,2,0,9,14,126,1447,0,425,123,197,257,35,0,453,210,0,176,344,83,0,854,53,0,500,0,0
2010-11,36,410,0,0,137,4,0,11,6,0,2,1120,2242,135,222,5618,2619,2128,1501,2732,509,932,827,612,244,876,875,0,0,66,21,1888,391,156,188,117,5150,736,767,3753,543,211,527,453,713,739,281,22,57,167,0,34,200,192,4542,7330,4072,314,100,1,82,34,242,130,2645,1192,0,307,373,0,293,23,174,0,0,12,24,184,1677,0,478,124,222,269,36,0,451,204,0,173,410,98,0,1033,69,0,468,0,0
2010-12,41,354,0,0,146,6,0,9,5,0,2,989,2155,168,229,5584,2441,2322,1630,2551,503,1000,765,557,221,914,869,1,0,62,19,1965,377,173,157,126,5271,709,908,3929,575,226,421,478,620,793,251,44,76,154,0,34,152,178,4839,6977,4170,354,134,1,67,17,215,120,2562,1174,0,289,337,0,348,39,216,3,0,8,15,153,1438,0,465,114,225,249,57,0,413,191,0,157,428,88,0,915,53,0,492,0,0
2011-01,39,397,0,0,197,9,0,7,5,0,6,1110,2808,218,237,6579,2913,2744,1947,3091,623,1207,940,618,251,1017,1014,0,0,51,17,2280,461,177,221,128,6477,813,1271,4606,665,252,512,573,840,874,404,55,67,184,0,67,224,198,5457,8031,4928,420,148,0,97,27,223,123,3091,1328,0,317,447,0,336,48,286,5,0,17,25,153,1466,0,565,154,242,381,54,0,660,255,0,223,591,109,0,1120,86,0,485,0,0
2011-02,53,473,0,0,241,9,0,8,22,0,3,1143,2862,228,301,6922,3024,2653,2056,3235,696,1256,1020,654,322,1003,1035,1,0,62,24,2359,452,292,227,147,6761,741,1344,5423,740,273,499,541,811,800,381,51,94,215,0,61,209,206,5625,8275,5076,451,153,2,124,28,208,134,3173,1297,0,304,436,0,322,58,261,9,0,16,33,185,1644,0,614,165,222,447,76,0,684,237,0,190,574,112,0,1075,95,0,490,0,0
2011-03,54,589,0,0,276,7,0,10,15,0,8,1398,3446,251,353,8538,3763,3555,2511,3721,751,1648,1151,863,423,1297,1275,0,0,116,36,2884,576,431,314,176,8189,991,1679,6654,802,299,544,673,900,949,481,74,123,239,1,76,280,227,6789,10047,6304,476,180,1,158,41,280,153,3903,1536,0,375,568,1,379,68,355,29,2,38,52,204,2109,0,630,157,281,420,72,0,1208,312,0,216,656,137,0,1330,102,0,605,0,0
2011-04,50,495,0,0,217,7,0,13,21,0,3,1226,3350,260,278,7949,3359,3227,2428,3420,792,1482,1047,786,476,1230,1252,1,0,101,22,2491,454,382,276,170,7728,914,1899,6862,791,271,590,601,1006,879,470,46,124,182,1,70,271,169,6927,9335,6238,427,180,5,111,44,260,171,3854,1477,0,381,562,2,439,70,337,31,0,41,74,218,2044,0,622,151,245,311,69,0,1036,300,0,240,545,143,0,1334,102,0,557,0,0
2011-05,37,493,0,0,263,10,0,10,6,0,6,1251,3232,275,348,8622,3538,3441,2525,3552,917,1569,1221,817,428,1296,1365,2,0,93,23,2596,497,306,299,196,8166,969,2499,7379,796,328,582,607,934,938,535,61,142,207,0,60,229,190,7331,10092,6629,520,182,1,159,26,237,174,3863,1421,0,406,539,0,434,123,412,55,0,31,52,199,1832,0,625,174,261,274,81,0,912,271,0,242,501,110,0,1424,119,0,583,0,0
2011-06,50,500,0,0,289,15,0,15,12,0,4,1206,3384,290,286,7966,3485,3540,2658,3459,944,1564,1178,823,444,1280,1264,1,0,83,36,2522,477,313,284,155,8106,943,2665,7504,846,333,517,581,908,1005,487,67,172,145,0,91,251,175,7718,9845,6642,499,169,2,190,37,233,153,3713,1364,0,391,547,1,435,104,430,73,0,43,92,240,1775,0,656,192,296,266,77,0,1089,259,0,261,514,128,0,1505,90,0,570,0,0
2011-07,34,508,0,0,293,9,0,15,22,0,8,1229,3577,342,350,8208,3688,3847,2921,3432,966,1591,1124,799,454,1331,1392,0,0,95,25,2595,486,286,317,150,8775,891,2777,7771,939,426,513,720,894,911,541,71,178,184,0,82,221,209,8137,9674,7308,472,184,11,148,45,217,160,3771,1385,0,404,518,0,414,151,471,76,2,29,54,205,1662,0,611,175,256,245,72,0,1315,270,0,264,594,117,0,1428,118,0,661,0,0
2011-08,44,553,0,0,307,16,0,12,8,0,1,1305,3870,341,364,8742,3849,3989,3081,3343,1044,1871,1110,848,587,1351,1397,1,0,124,41,2882,531,258,313,199,9019,966,3532,8145,985,435,541,732,928,926,543,74,156,224,1,89,251,216,8941,10121,7794,507,210,8,157,33,259,159,3746,1444,0,456,674,0,488,181,518,134,0,27,40,214,1829,0,572,209,266,214,72,0,1279,312,0,261,588,118,0,1486,100,0,619,0,0
2011-09,57,635,0,0,327,16,0,13,13,0,3,1239,3474,335,328,8380,3526,3680,2884,3116,976,1557,1025,828,613,1255,1322,1,0,120,25,2645,483,267,296,176,8162,948,3473,7987,898,420,526,688,854,940,512,86,169,228,0,101,241,210,8238,9364,7182,508,170,5,155,54,259,159,3436,1318,0,403,636,1,398,205,382,173,1,26,55,209,1921,1,571,166,286,232,76,0,1210,293,0,192,512,115,0,1293,121,0,501,0,0
2011-10,47,634,0,0,332,11,0,9,14,0,7,1141,3478,412,342,8601,3639,3684,2945,2919,908,1620,961,843,623,1301,1269,0,0,139,46,2615,527,401,292,212,8151,1020,3642,7591,935,467,548,630,899,889,597,79,154,200,0,106,258,214,8074,9269,7203,450,216,6,161,59,285,157,3419,1234,0,454,586,4,396,233,450,167,1,12,38,225,2144,0,571,167,277,287,68,0,1251,343,0,213,516,127,0,1358,108,0,559,0,0
2011-11,46,646,0,0,347,28,0,12,18,0,4,1290,3827,446,370,9692,3889,3913,2985,2974,1029,1744,1117,923,609,1374,1281,5,0,107,44,2656,559,433,267,217,8781,1129,4287,8630,1093,456,511,678,875,923,741,89,161,220,0,116,274,220,8721,9957,7544,519,237,3,179,54,275,186,3595,1343,0,518,577,2,487,302,443,242,1,21,56,301,2208,0,526,174,276,278,88,0,1413,337,0,237,582,130,0,1347,108,0,612,0,0
2011-12,56,608,0,0,317,27,0,6,16,0,0,1181,3477,413,368,9118,3555,3705,2800,2766,1029,1674,990,834,608,1263,1286,3,0,106,36,2426,544,388,250,199,8253,1156,4074,8409,980,373,466,644,872,868,782,81,151,194,1,143,263,238,8238,9247,7337,551,208,2,146,60,286,169,3303,1178,0,548,607,1,476,232,396,266,2,45,64,226,1975,1,461,200,269,199,73,0,1273,359,0,224,556,124,2,1300,130,0,535,0,0
2012-01,61,736,0,0,441,29,0,16,11,0,3,1271,4021,517,376,10220,4232,4335,3401,3131,1076,1920,1229,920,691,1427,1506,2,0,145,54,2870,638,461,301,217,9423,1223,4999,9248,1182,359,540,695,1010,1051,756,126,192,292,0,147,288,253,9651,10522,8270,735,262,4,175,71,279,155,3686,1489,0,603,753,6,511,428,458,348,0,36,70,292,2234,0,544,218,288,238,75,0,1512,398,0,250,549,151,0,1453,146,0,571,0,0
2012-02,59,777,0,0,476,26,0,19,19,0,5,1357,4207,493,446,11080,4517,4656,3676,3130,1333,2053,1207,969,815,1543,1610,5,0,148,64,3030,597,558,344,272,10066,1297,5105,10125,1277,386,529,732,1090,1065,877,130,209,290,0,166,321,248,10060,10858,8965,729,288,9,187,62,290,211,3736,1427,0,601,753,4,574,458,603,346,0,38,99,275,2419,0,535,213,339,232,84,0,1477,453,0,289,574,149,3,1628,137,0,618,0,0
2012-03,55,792,0,0,468,38,0,23,18,0,9,1489,4773,591,461,12531,5073,4848,3765,3269,1464,2205,1382,1050,892,1648,1694,2,0,167,66,3323,700,579,333,273,11061,1498,5612,11175,1301,463,612,807,1064,1134,940,165,228,304,1,177,369,277,10787,11730,9326,843,293,4,172,63,322,258,3967,1498,0,691,776,29,643,492,633,415,1,25,66,271,2746,1,607,242,298,224,87,0,1768,453,0,277,524,208,2,1655,149,0,610,0,0
2012-04,53,776,0,0,472,31,0,10,24,0,7,1370,4641,647,501,12153,4948,4838,3665,2878,1402,1991,1361,1055,849,1514,1659,1,0,156,46,3115,643,624,327,217,10564,1431,5603,10547,1265,405,520,781,1004,1089,934,138,250,296,0,209,345,318,10761,11226,9020,776,296,7,150,85,319,203,3751,1552,0,649,694,26,567,436,560,415,0,24,45,272,2674,2,498,244,355,222,99,0,1882,402,1,312,612,143,2,1624,128,0,603,0,0
2012-05,57,816,0,0,493,35,0,19,25,0,11,1581,4711,599,506,12304,5133,5223,3954,3195,1515,1988,1383,1134,882,1669,1818,0,0,171,54,3203,749,542,335,254,11072,1371,5977,10791,1249,422,460,750,1077,1144,868,172,259,319,0,216,369,342,11606,11682,9807,802,309,6,160,90,361,247,3828,1567,0,680,808,44,604,569,554,446,4,22,71,315,2493,4,470,249,385,238,112,0,1850,461,5,286,563,146,1,1817,137,1,655,0,0
2012-06,76,764,0,0,478,60,0,20,20,0,16,1590,4772,582,472,11200,5295,5171,3896,3072,1511,1897,1297,987,975,1571,1655,2,0,177,59,3056,622,525,341,212,10701,1468,5775,10706,1271,445,353,771,920,1082,729,192,275,299,0,272,375,261,11316,11409,9502,881,362,2,154,83,346,201,3755,1483,0,659,824,50,545,569,591,431,5,32,75,300,2325,8,442,243,351,246,76,0,1916,450,6,276,568,153,0,1587,144,0,745,0,0
2012-07,63,925,0,0,513,52,0,30,18,0,10,1588,5182,637,488,12341,5751,5963,4470,3202,1604,2077,1482,1130,1125,1771,1864,2,0,205,71,3450,712,561,368,211,11907,1538,6407,12111,1520,490,372,861,1039,1177,814,187,282,355,2,298,378,273,12417,12427,10224,850,302,6,201,90,337,235,3889,1541,0,672,873,66,591,624,596,566,6,32,89,287,2389,7,507,255,365,206,97,0,2148,564,13,383,655,170,1,1804,175,0,668,0,0
2012-08,59,890,0,0,481,22,0,28,17,0,9,1649,5005,706,557,12329,5882,5944,4608,3033,1498,2076,1627,1085,1093,1801,1748,2,0,223,76,3377,664,599,355,224,12014,1470,6373,11068,1310,463,439,852,1113,1140,863,163,326,323,0,216,370,285,12501,12027,10398,964,282,4,154,123,351,236,3848,1392,0,712,917,88,579,605,684,563,24,36,74,235,2333,19,524,241,313,238,96,0,2037,505,6,351,581,160,0,1736,166,0,771,0,0
2012-09,54,881,0,0,549,63,0,27,21,0,5,1566,4642,635,514,11687,5273,5470,4082,2935,1438,1960,1386,1087,1061,1676,1638,1,0,231,76,2891,647,553,344,196,11096,1359,5947,10530,1269,535,465,758,1124,1039,732,145,236,361,0,242,333,243,11204,11322,9256,1014,282,5,121,81,395,221,3604,1287,0,720,781,93,588,598,582,587,20,23,64,242,2543,14,421,272,311,191,107,0,2020,461,6,258,466,150,0,1587,117,0,672,0,0
2012-10,76,983,0,0,540,71,0,36,27,0,6,1781,5169,689,633,13584,6154,5740,4489,3130,1705,2269,1489,1264,1270,1862,1810,3,0,248,93,3322,671,755,358,196,11919,1624,6887,11282,1428,537,556,866,1209,1162,977,177,252,367,0,278,367,309,12472,12795,10301,1101,293,3,137,83,436,230,4051,1546,0,799,899,103,576,664,651,540,30,23,76,305,3160,24,445,281,356,216,114,0,2043,593,9,320,493,183,1,1734,152,0,696,0,0
2012-11,61,924,0,0,555,53,0,19,24,0,12,1771,5134,695,575,13688,6408,5922,4419,3100,1678,2136,1405,1282,1348,1845,1809,3,0,281,107,3223,683,848,328,208,11895,1517,6442,11121,1356,554,501,846,1308,1146,1030,214,230,282,1,266,339,322,12383,12289,10173,1154,337,2,161,110,400,267,3676,1490,0,808,914,120,621,595,658,546,21,19,66,318,3198,20,462,293,369,271,106,0,2137,581,4,330,506,184,0,1667,151,0,641,0,0
2012-12,70,906,0,0,473,42,0,19,22,0,16,1501,4734,598,550,12207,5636,5714,4260,2441,1499,1854,1240,1125,1194,1611,1701,5,0,206,75,2865,613,663,298,207,10874,1397,5739,11168,1190,481,516,790,1107,1031,929,209,241,345,0,233,325,279,11500,10760,9173,1065,288,1,178,103,333,226,3290,1169,0,669,823,120,643,489,655,417,15,25,84,298,2538,47,416,262,351,219,93,0,1530,539,13,296,421,171,0,1409,147,0,547,0,0
2013-01,69,1120,0,0,559,47,0,30,36,0,13,1934,5737,769,728,13828,6605,6686,4985,3087,1884,2313,1510,1218,1515,1981,2052,4,0,255,104,3468,733,728,364,214,13043,1732,6717,13090,1469,576,514,902,1354,1249,1013,242,294,432,1,336,346,342,13886,12876,11110,1208,338,4,193,113,453,252,3913,1609,0,848,1010,156,731,672,824,572,17,33,97,333,2922,44,409,267,367,228,125,0,1811,633,21,375,551,170,1,1741,177,0,670,0,0
2013-02,66,974,0,0,583,48,0,32,27,0,16,1840,5471,745,628,13908,6793,6530,4940,2830,1903,2247,1639,1321,1678,1872,1948,1,0,283,75,3328,701,817,361,243,12829,1664,6066,11606,1322,591,527,885,1337,1100,943,205,277,367,0,287,386,363,13847,12679,10873,1195,345,5,147,72,427,256,3905,1470,0,913,955,187,668,611,792,560,24,13,76,298,3122,54,438,279,314,222,101,0,1648,655,32,344,552,198,2,1727,166,0,761,0,0
2013-03,57,1094,0,0,636,70,0,22,44,0,18,2151,6301,822,652,16077,7680,7607,5753,3021,2279,2576,1777,1500,1858,2157,2221,5,0,329,101,3814,757,1000,354,294,14412,1818,6983,13338,1518,672,580,908,1427,1312,1271,245,280,466,0,375,373,379,15456,14394,12398,1298,351,4,173,137,534,279,4314,1609,0,1049,1022,173,725,639,882,679,95,24,80,305,3473,60,471,314,446,200,122,0,1753,663,46,493,560,223,0,1814,185,4,866,0,0
2013-04,61,1113,1,0,610,65,1,25,33,0,17,2125,6178,818,654,16392,7975,7551,5854,2956,2158,2479,1723,1569,1849,2034,2102,4,0,386,121,3676,731,1060,372,254,13670,1719,6797,12677,1340,687,581,857,1585,1288,1294,300,325,504,2,419,378,414,15503,14042,12208,1275,363,5,168,115,559,288,4279,1611,0,941,993,190,711,674,794,611,117,25,84,348,3566,69,453,309,370,178,121,0,1520,695,60,475,439,187,3,2015,116,8,858,0,0
2013-05,67,1191,0,1,580,153,0,27,41,0,7,2114,5780,900,667,15470,7862,7311,5594,2745,2140,2357,1751,1478,1795,2151,2180,4,0,364,96,3508,750,1025,391,229,13367,1744,6735,13000,1403,661,558,828,1457,1184,1298,254,371,484,330,382,393,399,15158,13600,11866,1113,369,1,159,116,484,312,4085,1479,0,995,966,226,802,733,777,604,146,17,74,287,3225,73,447,303,365,181,109,0,1116,684,49,453,401,178,1,1879,170,4,923,0,0
2013-06,47,966,0,2,590,226,0,31,29,0,11,2076,5496,800,656,14116,7640,7261,5411,2842,2092,2234,1737,1424,1785,2045,1883,3,0,296,95,3407,744,906,360,216,12957,1561,5968,12188,1397,690,554,757,1430,1208,1037,239,327,495,231,408,372,334,14709,12903,11588,1145,309,2,169,114,480,266,3798,1533,0,909,905,246,802,650,703,581,175,32,80,279,2970,89,331,295,306,155,92,0,797,661,38,417,395,165,1,1744,203,15,852,0,0
2013-07,60,1146,0,2,670,231,0,26,42,0,15,2472,6090,938,736,15332,8656,8468,6162,3018,2311,2450,1853,1459,1980,2281,2304,7,0,414,131,3842,815,997,403,249,14581,1832,6950,14272,1515,703,597,897,1645,1328,1071,320,412,530,267,432,384,402,16973,14320,12843,1317,450,5,178,129,463,286,4266,1750,0,1021,1052,289,902,812,826,775,178,18,95,303,3036,86,330,326,370,195,132,0,677,680,61,490,384,200,1,1931,218,18,987,0,0
2013-08,37,1165,1,1,661,194,0,35,33,0,17,2337,6238,1006,734,15161,7974,8639,6576,2829,2393,2495,1908,1456,1930,2296,2246,4,0,336,113,4108,824,915,395,237,14539,1830,6616,13760,1440,689,595,904,1602,1282,1001,297,388,591,203,409,382,354,16945,13950,12853,1440,389,2,181,115,453,304,3874,1722,0,1091,1060,283,940,744,798,670,154,24,108,284,3030,109,353,333,311,210,124,0,735,721,76,390,373,154,0,1860,181,24,856,0,0
2013-09,48,1167,0,9,705,181,0,29,33,0,18,2455,6223,926,680,16395,7999,9165,6845,2503,2317,2402,1580,1568,1723,2312,2344,3,0,394,111,3893,781,899,406,250,14484,1925,7183,12551,1591,776,502,857,1591,1256,987,334,419,543,193,457,432,369,17868,13866,13036,1458,413,9,191,116,475,296,3898,1608,0,1058,1102,241,847,787,711,689,156,24,115,347,3415,91,372,315,272,170,114,0,1073,756,79,423,305,206,0,2090,195,38,709,0,0
2013-10,54,1282,0,5,783,247,1,23,38,0,15,2742,6694,992,771,18906,9539,9992,7304,2877,2632,2795,1743,1708,2108,2634,2496,1,0,453,139,4095,789,1117,471,273,15602,2112,8166,12967,1745,842,648,1158,1845,1373,1147,382,469,589,200,489,496,384,19890,15293,13868,1673,539,8,229,138,575,329,4296,1913,1,1197,1145,358,824,864,732,796,176,32,116,436,4262,94,388,397,343,180,134,0,1345,851,74,554,400,204,2,2212,198,44,842,0,0
2013-11,40,1154,0,7,697,229,0,32,28,0,11,2462,6568,921,790,18914,9546,9395,6900,2575,2512,2584,1773,1804,2194,2594,2389,4,0,487,134,3706,776,1211,429,336,15145,2093,7259,12887,1656,852,688,1067,1631,1275,1277,369,404,500,228,480,431,411,18645,14695,12489,1559,492,4,207,151,520,266,3945,1583,0,1337,1172,355,756,762,738,734,146,34,92,424,4306,108,377,331,311,169,139,0,795,876,55,471,334,205,1,2217,215,41,841,0,0
2013-12,37,1173,0,18,557,207,0,24,35,0,19,2427,6328,884,800,17218,8306,9177,6730,2252,2380,2400,1501,1527,1869,2363,2193,4,1,395,123,3607,695,1037,374,266,14274,1879,6536,12836,1533,821,630,851,1566,1199,1276,355,440,570,179,437,418,370,17697,13392,11837,1358,441,7,171,194,476,266,3653,1555,0,1133,913,324,774,716,678,685,149,22,90,328,3441,124,404,314,269,130,109,0,732,804,80,420,280,195,4,2014,205,39,759,0,1
2014-01,34,1428,1,47,807,332,2,28,41,0,20,2758,7291,1054,888,18833,9892,11310,8085,2719,2866,2780,1927,1685,2366,2703,2633,3,2,485,115,4074,814,1122,419,316,17136,2117,7737,14877,1858,771,726,1065,1797,1465,1298,415,514,600,267,441,457,408,21282,15462,13879,1795,566,5,219,159,516,289,4228,1700,0,1333,1301,451,815,818,754,902,224,30,93,387,3758,147,410,401,293,195,130,0,930,937,84,472,376,238,1,2441,223,76,827,0,0
2014-02,47,1379,0,47,789,290,6,31,40,0,22,2697,7186,1121,972,19460,9951,10885,7784,2512,2988,2624,1732,1838,2624,2603,2601,2,1,556,159,3848,842,1244,398,304,16874,2141,7809,14857,1942,830,705,1048,1731,1369,1153,449,489,538,218,518,433,434,21342,15226,13683,1763,553,9,220,160,557,305,4031,1663,0,1415,1236,407,870,857,687,770,219,22,101,390,3999,118,385,413,311,169,131,0,835,929,105,533,382,219,2,2360,211,78,816,0,0
2014-03,37,1620,0,45,872,296,6,43,43,0,29,2846,8131,1183,1089,22207,11483,11883,8519,2700,3304,2960,2112,2062,2830,2834,2887,6,5,566,157,4226,936,1433,441,373,18703,2469,8718,17166,2347,933,722,1066,1979,1450,1442,540,501,668,258,547,542,486,22871,16340,14468,2020,595,4,270,168,567,357,4266,1745,0,1436,1354,528,980,1035,923,872,243,26,107,406,4600,172,473,428,353,160,160,0,1052,960,97,517,379,209,2,2456,245,99,941,0,0
2014-04,35,1513,0,33,805,300,4,37,57,0,27,2932,7813,1137,964,21089,10839,11246,8057,2500,3132,2756,1831,1893,2748,2633,2606,2,3,507,130,3930,815,1421,431,320,18053,2308,7999,15557,1980,927,663,983,1852,1258,1405,490,442,634,247,584,471,429,21646,15463,13692,1884,556,3,242,169,531,335,4095,1719,0,1330,1139,494,869,866,806,830,209,28,117,357,4041,115,410,377,336,174,131,0,795,889,108,533,328,226,2,2327,219,70,843,0,0
2014-05,36,1563,1,65,778,316,4,43,45,0,18,2550,6747,1029,941,18166,9330,10270,7532,2186,2713,2686,1712,1534,2603,2467,2447,2,3,509,145,3879,879,1264,434,290,15089,1926,7288,13583,1713,852,622,923,1472,1227,1188,428,468,595,239,516,474,455,20002,14052,12393,1639,501,10,246,137,471,316,3665,1599,0,1230,1047,463,825,893,708,767,209,27,96,369,3293,110,346,348,241,182,136,0,875,749,76,394,335,242,5,2215,198,92,820,0,0
2014-06,25,1489,0,68,732,274,10,45,42,0,31,2520,5928,1097,904,16085,8967,9110,6577,2166,2758,2346,1717,1371,2407,2201,2193,7,6,437,124,3593,773,1036,394,256,13321,1826,7000,12690,1612,942,547,941,1362,1141,858,416,428,535,294,539,418,426,18508,12655,11365,1414,440,2411,235,131,440,299,3319,1410,0,1191,1039,463,758,852,587,802,256,16,92,295,2793,115,288,367,221,122,150,0,1265,732,95,392,312,177,2,2044,194,140,705,0,0
2014-07,26,1710,0,80,797,393,11,38,28,0,15,2794,6223,1141,979,17537,9999,10002,7321,2241,3033,2569,1811,1477,2654,2499,2409,2,2,485,149,3779,870,1114,428,262,14577,1931,7864,14651,1980,895,551,965,1525,1286,930,491,536,690,481,530,486,440,20323,13828,12162,1673,476,1646,309,133,471,311,3407,1639,0,1247,1306,485,859,916,562,842,305,15,69,319,2865,129,294,407,242,163,132,0,1331,809,112,463,305,192,3,2147,208,175,755,0,0
2014-08,33,1454,1,75,753,368,11,48,46,0,8,2609,5685,1025,831,15879,9170,9292,6925,2011,2756,2485,1665,1393,2490,2275,2235,4,4,470,153,3541,868,928,367,242,13478,1816,7042,13347,1673,863,589,920,1337,1212,889,420,498,598,351,480,414,426,18661,12613,11285,1707,456,1706,298,101,379,308,3058,1554,0,1160,1074,481,774,815,616,735,304,27,60,326,2696,122,218,336,220,150,124,0,1286,747,146,395,279,160,4,1955,160,210,702,0,0
2014-09,41,1577,0,95,818,323,12,59,46,0,18,2448,5907,1127,931,16886,8829,9000,6661,2020,2696,2287,1651,1483,2385,2297,2062,4,8,426,103,3064,922,1077,382,290,13612,1965,7837,12529,1699,853,564,957,1327,1281,738,494,501,647,327,518,449,469,18282,12447,10945,1765,457,1908,277,128,418,268,3029,1410,0,1238,1180,490,765,825,624,808,345,19,83,331,3263,110,235,327,249,143,132,0,1805,826,141,331,287,168,13,1934,184,197,699,0,0
2014-10,38,1516,0,133,749,386,9,38,48,0,24,2566,6237,1131,957,18082,9651,9312,6673,2211,2736,2350,1682,1687,2796,2446,2109,2,6,524,124,3152,821,1238,365,233,13879,1991,8132,12436,1617,850,622,1134,1416,1249,834,455,443,664,388,515,383,444,19085,12690,10881,1617,470,2474,308,172,440,270,2970,1411,0,1292,1100,488,779,796,597,785,359,37,105,350,3838,97,253,354,270,150,156,0,2023,737,160,367,308,171,19,1956,163,253,659,0,0
2014-11,24,1613,3,157,731,388,17,32,68,0,25,2653,6082,1129,896,18029,9652,9010,6419,1937,2697,2121,1670,1662,2727,2270,2109,0,13,461,97,3098,806,1245,365,287,13283,1968,7319,12652,1718,912,657,1018,1338,1232,883,509,463,656,461,557,428,389,18151,11981,10281,1430,430,2571,225,131,502,275,2857,1294,0,1277,1005,515,778,809,543,753,313,21,73,327,3704,120,242,355,228,114,96,0,1687,747,157,352,278,212,8,1916,159,254,666,0,0
2014-12,25,1428,1,165,695,439,17,27,54,0,29,2288,5616,1088,861,16173,8886,8100,5788,1779,2405,2104,1608,1489,2315,1981,1813,3,8,419,118,2919,762,996,376,264,12272,1623,6500,12360,1468,860,575,917,1310,1054,859,514,487,589,771,476,375,408,16749,10945,9164,1349,439,2426,240,147,343,276,2620,1173,0,1026,898,409,631,712,484,737,256,13,58,278,3097,120,220,337,233,119,108,0,1507,662,124,316,257,178,13,1749,162,301,568,0,0
2015-01,16,1587,2,199,744,437,16,46,45,0,38,2648,5986,1138,988,16703,9757,9203,6635,1865,2780,2441,1799,1521,2717,2181,2016,2,4,495,121,3208,789,1019,384,257,13897,1897,7217,12826,1336,898,563,1003,1336,1182,765,527,516,658,1097,530,435,434,18685,11877,9999,1606,492,3074,227,184,445,273,2729,1351,0,1234,1073,485,709,803,584,852,331,17,70,310,3236,153,236,372,219,127,118,0,1352,748,152,433,270,180,17,1824,179,331,607,0,0
2015-02,23,1530,3,330,729,416,16,57,57,1,50,2636,5980,1244,938,16892,10264,9164,6616,1844,2742,2267,1689,1535,2984,2196,2179,0,9,553,130,3110,750,1196,354,231,13714,1956,7489,12491,1345,883,553,910,1224,1184,690,581,477,674,1099,597,394,395,18789,11896,10083,1692,496,3257,221,158,466,270,2798,1291,0,1313,1165,537,688,701,662,825,348,17,64,317,3394,185,175,363,151,118,120,0,1651,807,155,372,293,195,32,1871,156,330,574,0,0
2015-03,21,1833,21,379,847,461,22,52,82,0,53,3039,6716,1268,1012,19917,11685,10254,7188,1955,3256,2470,1839,1796,3581,2563,2350,3,7,648,149,3530,804,1393,377,271,15198,2253,8388,14295,1423,1013,703,1041,1384,1304,923,612,608,771,1351,601,453,437,20683,13365,11270,1705,532,3619,278,185,521,294,3207,1390,0,1459,1226,675,800,836,714,882,393,28,71,377,3940,181,248,425,218,165,129,0,1723,881,189,463,321,234,24,2111,194,371,667,0,0
2015-04,17,1827,15,453,813,493,17,30,57,0,77,2829,6600,1520,1083,19951,11522,10187,7279,1916,3217,2510,1762,1744,3341,2340,2261,1,10,598,150,3422,863,1535,359,272,15237,2233,8523,14536,1411,1032,684,1052,1354,1292,1009,642,627,688,1552,654,458,455,21067,13205,11128,1822,525,4047,200,239,509,317,2986,1453,0,1410,1187,707,812,862,673,877,344,22,72,396,3978,194,257,413,197,138,142,0,1769,905,167,421,267,226,31,2078,187,412,591,0,0
2015-05,10,1689,42,438,802,423,22,43,56,0,62,2816,6429,1529,1111,18700,11286,10553,7448,1920,3324,2517,1933,1632,3440,2435,2279,2,4,625,156,3550,812,1405,392,267,14821,2030,8264,14161,1292,1056,741,1008,1349,1232,1001,666,651,660,1372,641,463,441,22305,13486,11413,1697,544,3819,189,257,447,333,3095,1484,0,1260,1247,672,776,953,737,862,345,22,62,336,3541,198,265,454,184,142,178,0,1235,783,170,448,284,213,18,2019,178,424,539,0,4
2015-06,19,1752,61,527,877,462,35,58,61,0,46,2974,6377,1536,1122,17991,11887,10625,7573,2133,3310,2589,2004,1511,3448,2649,2435,0,13,603,172,3682,764,1227,382,215,14605,2208,8507,13925,1331,1189,721,1036,1401,1402,792,747,709,654,1302,647,450,478,22748,13663,11550,1660,556,4350,215,203,467,321,3189,1463,0,1381,1303,772,795,897,730,903,365,22,36,349,3184,175,227,411,208,159,161,0,1500,880,187,515,253,221,31,2177,186,453,593,0,1
2015-07,18,1913,65,642,969,458,24,45,52,0,65,2991,6801,1529,1218,18831,12392,10995,7824,2028,3657,2590,2206,1555,3999,2628,2430,0,9,651,173,3834,911,1132,371,230,15633,2144,9239,14872,1349,1192,874,1071,1386,1452,761,817,839,722,1220,694,469,508,24143,14247,11732,1738,576,5172,292,231,452,342,3155,1550,0,1287,1358,862,862,935,729,919,419,24,34,358,2833,166,193,452,206,130,160,0,1889,833,170,504,253,210,28,2208,173,571,593,0,3
2015-08,17,1914,71,601,878,482,32,56,59,0,42,2924,6028,1418,1137,17217,11296,10182,7394,1924,3287,2331,1949,1444,3509,2432,2248,1,9,559,144,3608,856,1027,348,223,14495,1844,8814,14362,1218,1151,963,974,1245,1424,670,726,706,739,1234,622,452,466,22295,13340,11024,1712,524,5102,211,215,369,290,2952,1468,0,1186,1324,756,733,820,758,913,425,23,34,282,2594,153,218,460,184,99,163,0,1517,723,188,415,255,202,19,1978,166,494,568,0,7
2015-09,22,1894,76,744,889,456,20,59,60,0,50,2691,6120,1406,1118,17100,11040,9930,7099,2114,3081,2171,1955,1447,3349,2193,2171,3,12,533,149,3303,915,942,328,218,13788,1902,8946,13393,1148,1192,1012,1040,1258,1296,583,700,712,766,1137,606,425,426,21571,13005,10618,1671,480,4574,226,182,406,292,2832,1409,0,1138,1238,805,686,861,728,825,437,25,35,310,3107,109,141,397,192,116,153,0,1819,695,186,409,248,197,18,1817,133,531,488,0,3
2015-10,7,1776,121,831,873,496,31,71,66,1,58,2699,6163,1428,1175,18677,12578,10023,7160,2031,3328,2204,1991,1775,3704,2380,2266,1,9,602,150,3236,794,1062,332,229,14154,2136,8752,14006,1123,1102,1021,1104,1239,1308,714,764,719,685,1077,618,420,422,21982,12898,10673,1702,561,4321,239,238,450,292,2737,1383,0,1325,1246,946,698,893,724,831,439,30,42,351,3703,131,129,416,193,142,112,0,1681,867,215,443,260,175,58,1904,164,570,517,0,3
2015-11,18,1742,222,949,868,502,26,46,51,0,46,2586,5986,1400,1084,17931,12384,9625,6657,1822,3282,1967,1835,1600,3556,2288,2054,2,9,669,170,2990,751,1126,319,230,13547,1970,7737,13181,1067,1084,917,1028,1143,1237,766,822,652,684,1008,585,372,405,21420,12484,9818,1604,534,4338,224,252,400,271,2531,1281,4,1261,1312,900,761,801,678,836,360,22,27,339,3651,139,154,362,184,130,149,0,1330,765,259,348,192,206,81,1858,139,603,477,0,10
2015-12,17,1641,415,987,760,457,28,30,60,1,56,2646,5889,1378,1113,16297,11446,9337,6382,1681,3080,1975,1898,1397,3129,2042,2165,1,8,565,133,2945,770,864,323,207,13642,1710,7241,12345,951,1106,968,929,1159,1176,734,814,717,677,793,579,452,409,20702,12000,9418,1558,487,4295,180,278,399,293,2520,1209,0,1168,1150,876,735,756,707,827,319,32,35,296,3048,147,156,370,163,106,125,0,1028,761,266,403,183,191,70,1708,160,606,475,0,12
2016-01,29,1820,912,1152,762,527,33,55,76,3,52,2803,6183,1616,1185,16779,12439,9896,6871,1745,3362,2152,2055,1453,3561,2266,2212,0,14,686,145,3375,734,937,365,220,14814,1903,7873,13520,983,1039,1060,978,1257,1358,719,919,767,633,1097,572,383,344,22698,12453,10204,1764,581,4823,194,343,386,321,2624,1350,0,1255,1367,913,763,777,800,987,377,148,59,327,3077,152,132,339,195,92,134,0,1122,756,299,468,203,197,89,1878,178,649,464,0,27
2016-02,17,1929,1076,1152,824,514,28,51,61,1,41,2823,6305,1685,1322,18008,13334,10282,6904,1891,3611,2253,2027,1500,3621,2353,2316,1,12,754,171,3300,863,1082,331,215,15173,1973,7773,13935,1018,1146,973,961,1238,1279,622,984,875,720,1099,549,396,420,22640,12846,10314,1646,543,4775,239,349,437,315,2803,1340,1,1405,1331,1040,800,860,815,1067,382,177,55,319,3297,155,116,367,178,110,138,0,1329,842,431,526,193,236,129,1897,164,721,515,0,18
2016-03,18,2035,1382,1460,912,601,53,61,91,2,54,3082,6844,1572,1307,20075,14173,10657,7313,1910,3752,2272,2179,1675,4075,2511,2267,1,10,809,197,3363,897,1248,363,249,15390,2103,7818,15542,1095,1298,1157,1119,1320,1348,780,1056,899,771,1351,579,452,465,24283,13740,10448,1757,556,5110,285,383,474,346,2867,1294,0,1435,1340,1116,879,865,815,925,473,166,33,363,3483,175,152,389,174,98,156,0,1379,896,497,489,225,182,133,2139,176,744,486,0,37
2016-04,12,2048,1528,1488,871,531,44,73,73,3,61,2944,6728,1532,1209,19673,13775,10404,7141,1942,3754,2223,2011,1624,4167,2186,2280,1,11,823,178,3454,899,1127,308,205,14748,2124,7348,15143,1013,1265,1208,988,1210,1307,828,1055,849,761,1552,633,438,410,23608,13848,10057,1746,608,4793,254,403,490,334,2797,1412,0,1549,1366,1201,814,846,759,914,905,129,32,324,3386,189,170,398,205,122,140,0,1164,875,500,430,191,203,103,1932,165,782,508,0,52
2016-05,5,1962,1885,1538,849,482,43,58,60,4,47,2934,6394,1563,1260,17235,13207,10432,7175,1894,3544,2136,2015,1372,3822,2127,2234,0,12,691,187,3038,821,1145,303,211,14692,2011,7099,14258,970,1199,1088,906,1233,1298,666,1066,848,712,1372,590,415,399,23172,13622,9947,1798,633,4458,204,429,433,274,2919,1408,0,1423,1285,1280,786,812,768,841,862,124,31,316,2743,176,135,404,177,119,119,0,1120,835,1091,442,187,183,103,1909,127,745,504,0,63
2016-06,3,1785,2204,1662,847,500,41,52,73,9,47,3137,5983,1599,1343,16093,13009,9889,6638,1896,3555,2120,1904,1327,3884,1956,2093,1,7,774,155,3117,815,1001,290,172,13888,1920,7206,14064,919,1215,1001,900,1116,1217,505,1063,961,645,1302,657,405,385,22335,13195,9152,1641,546,4831,236,372,392,274,2626,1231,1,1343,1312,1283,769,775,753,819,800,102,47,308,2322,172,101,415,178,102,120,0,1438,826,1378,521,170,157,103,1920,140,796,454,0,59
2016-07,4,1794,2356,1815,803,492,50,49,77,3,49,2970,5507,1477,1133,15083,12943,9871,6760,1745,3516,1912,1926,1239,3768,1799,2081,0,13,794,159,2909,760,905,252,186,13149,1882,6998,14053,906,1193,987,888,1081,1229,440,1023,815,662,1220,556,367,355,22356,12123,9410,1571,582,4971,226,404,344,283,2421,1269,1,1302,1210,1472,712,711,665,758,738,81,44,326,2365,151,91,416,157,103,140,0,1317,808,1329,453,164,165,82,1806,137,814,443,0,59
2016-08,2,2087,2660,2035,831,523,60,53,54,8,32,3076,5699,1586,1310,15315,13006,10199,7095,1873,3641,1893,2048,1165,3804,1909,2136,1,12,759,155,2899,798,941,307,171,13090,1851,6971,13747,835,1298,943,857,1109,1317,400,1061,913,650,1234,592,414,362,22844,12832,9483,1785,521,4941,266,392,378,279,2677,1176,0,1411,1330,1375,718,761,666,768,830,75,34,276,2239,155,93,445,150,110,145,0,1213,887,1296,492,161,214,85,1807,125,920,472,0,66
2016-09,1,1782,2918,1855,810,528,63,55,72,8,50,3022,5315,1425,1144,14834,12424,9142,6411,1577,3211,1936,1895,1188,3318,1875,1937,1,13,767,157,2713,718,852,250,146,12348,1698,7204,12253,827,1276,910,880,973,1151,346,997,906,604,1137,495,396,349,20617,11217,8575,1694,483,4903,254,342,321,262,2230,1085,1,1289,1230,1316,690,679,690,713,666,65,40,311,2534,117,90,452,142,90,130,0,1463,724,1337,394,144,183,107,1618,114,822,476,0,83
2016-10,1,1764,3399,1892,680,428,78,58,75,8,37,2773,5303,1434,1211,15496,13616,9188,6361,1603,3175,1832,1849,1487,3808,1881,1858,0,10,799,181,2481,703,901,260,164,12484,1858,6830,11790,780,1280,958,944,1003,1211,474,950,859,600,1077,539,348,306,20607,11579,8296,1796,500,4756,242,440,394,253,2263,1096,0,1282,1254,1350,734,637,695,707,661,63,33,305,3249,153,96,473,156,100,113,0,1526,769,1408,458,157,161,110,1609,119,906,420,0,121
2016-11,10,1752,3287,1978,702,407,62,64,93,9,52,2922,5337,1513,1227,15808,14296,9286,6285,1634,3382,1768,1783,1463,3585,1830,1833,0,8,841,189,2448,740,786,271,184,12163,1837,6342,11565,802,1345,993,853,1005,1125,518,997,891,637,1008,498,341,305,20682,11760,8384,1652,505,4389,216,466,372,291,2224,1007,4,1289,1188,1504,728,691,662,749,718,55,35,313,3297,149,92,508,157,93,123,1,1312,764,1325,410,154,171,135,1612,131,846,389,0,154
2016-12,5,1672,3230,1994,736,389,56,45,71,11,29,2666,4924,1392,1196,13758,12889,8649,5893,1486,3003,1615,1654,1275,3136,1688,1801,2,11,735,161,2270,660,718,223,167,11451,1668,5775,10871,721,1184,925,760,890,1038,515,1054,810,557,793,451,312,317,19613,10651,8020,1544,497,3889,182,424,312,227,2044,904,16,1162,1038,1406,619,624,582,726,645,47,23,266,2786,172,77,511,140,91,113,0,1152,685,1316,373,147,143,106,1518,104,837,346,0,127
2017-01,10,1766,3651,2260,764,439,78,65,56,8,49,2864,5482,1679,1287,14701,14388,9583,6707,1634,3459,1832,1996,1319,3519,1864,1985,1,6,802,138,2485,722,796,279,181,12845,1776,6114,12540,746,1172,1050,938,971,1220,454,1218,946,550,964,484,348,313,21567,11825,8458,1877,521,4362,242,491,349,244,2308,1147,22,1233,1150,1540,815,616,656,738,726,43,37,314,2787,201,90,405,154,124,142,0,1210,677,1450,405,123,142,144,1641,121,1035,348,4,209
2017-02,10,1786,3984,2281,780,397,80,49,77,15,51,2885,5558,1477,1239,14721,14901,9762,6763,1599,3393,1639,2161,1322,3706,1981,1947,0,15,931,175,2290,757,854,247,160,12738,1749,5663,11642,716,1105,1064,765,940,1174,409,1145,837,538,1043,541,332,377,21329,11629,8425,1973,550,4083,248,488,361,293,2105,1166,12,1306,1184,1567,644,559,693,737,723,47,38,260,2749,180,83,452,143,80,123,0,1048,729,1547,421,117,134,122,1700,91,968,421,3,241
2017-03,4,2134,4550,2599,864,505,93,89,86,22,56,3414,6609,1650,1420,17527,17280,10793,7427,1870,3918,1798,2332,1519,4637,2056,2262,1,10,1092,219,2478,849,1080,294,195,14353,2077,6384,13645,889,1308,1295,919,1067,1341,556,1386,996,637,1242,604,377,375,23863,13136,9428,1907,586,4648,277,605,409,331,2523,1268,15,1600,1464,1989,785,630,735,816,862,51,36,313,2998,187,101,467,192,81,163,0,1287,921,1765,442,130,172,181,1829,122,1004,431,14,366
2017-04,3,1934,4156,2645,838,435,76,65,94,19,62,2917,5744,1448,1323,16100,15752,9601,6334,1498,3444,1494,2028,1420,4280,1895,1985,0,10,1031,229,2086,806,959,235,189,12683,1923,5409,11756,760,1136,1052,788,958,1150,511,1175,921,572,777,537,330,393,21419,11226,8161,1816,564,3943,260,552,404,285,2218,975,25,1434,1111,1840,708,560,690,685,739,47,33,283,2888,179,64,431,152,68,127,0,1068,850,1668,375,97,190,144,1586,123,985,378,23,323
2017-05,1,2176,4457,3034,916,478,90,73,82,21,61,3097,5688,1517,1527,16552,16291,9966,6592,1650,3706,1524,2258,1456,4349,1980,2092,0,10,965,191,2190,817,1005,256,206,13312,1940,5712,11836,750,1181,1123,811,956,1251,576,1307,1048,644,805,495,370,436,22572,12135,8563,1939,601,4129,301,528,401,328,2375,1039,95,1446,1276,1923,725,522,690,836,824,36,25,301,2765,193,83,415,141,97,143,0,1047,835,1767,500,115,169,386,1703,103,1177,364,25,382
2017-06,2,2072,4595,3050,853,497,113,48,87,15,45,2827,5324,1352,1348,14798,16173,9513,6434,1654,3548,1426,2107,1230,4490,1796,2020,0,15,961,195,2022,739,804,262,157,12029,1755,5936,11397,673,1173,1059,789,878,1168,443,1293,1064,597,723,479,336,337,21757,11444,8162,1845,510,4219,272,613,364,238,2126,1071,92,1423,1243,1986,670,545,727,683,820,39,20,280,2389,195,82,418,123,77,167,0,1208,854,1649,518,121,176,557,1647,103,1189,334,55,349
2017-07,1,1992,4963,3334,830,488,93,49,83,15,41,2906,5406,1388,1336,14333,17064,9489,6553,1603,3603,1531,2268,1303,4611,1860,1939,2,11,1022,177,2103,746,736,225,145,12060,1744,5970,12140,730,1258,1069,736,881,1172,367,1421,1108,564,693,439,353,358,21793,11352,7922,1901,572,4367,251,748,290,260,2179,1041,80,1337,1229,2084,707,500,680,683,838,49,28,274,2070,177,63,392,147,103,179,0,1035,747,1852,518,137,174,521,1548,108,1115,341,34,421
2017-08,11,2310,5444,3546,919,490,138,77,93,19,46,3193,5497,1590,1425,14905,17472,10057,6966,1692,3694,1530,2613,1170,5051,1842,2087,2,13,1020,185,2128,871,776,268,148,12631,1880,6176,12999,804,1200,1136,855,814,1214,341,1353,1050,661,686,515,386,438,22998,11574,8219,2031,572,4358,298,704,378,284,2196,1050,91,1321,1301,2170,695,546,611,824,793,40,21,284,2099,168,68,428,137,92,163,1,980,745,1863,474,119,183,574,1647,96,1225,369,35,372
2017-09,4,2168,5214,3182,852,525,117,60,80,31,48,2863,5350,1526,1315,14493,16949,8766,5938,1564,3403,1350,2620,1207,4641,1806,1894,0,7,963,153,1882,716,662,281,165,12005,1895,6099,12018,769,1223,1095,961,857,1155,323,1481,1018,624,638,491,393,423,21445,10995,7674,2015,653,4169,273,604,329,239,2245,997,78,1262,1172,2043,697,655,650,749,817,55,30,277,2204,169,64,436,142,87,203,3,1261,735,1822,374,167,146,508,1529,105,1337,322,41,389
2017-10,1,2247,5459,3497,923,543,107,75,79,25,35,2951,5290,1671,1441,16033,18735,9188,6472,1714,3561,1406,2363,1349,5053,1807,1807,0,12,1174,210,2046,834,848,278,177,12260,1901,6019,11826,804,1192,1112,930,871,1223,391,1539,1093,607,654,493,416,434,22405,11439,7681,2181,644,4342,330,674,345,290,2111,1017,103,1511,1258,2305,699,648,610,715,793,35,25,299,2958,192,69,444,152,86,165,2,1276,789,2098,421,116,199,630,1643,93,1319,353,49,391
2017-11,2,2314,5723,3480,895,637,110,78,66,34,46,3020,5512,1710,1525,16377,18935,9177,6362,1605,3649,1270,2414,1334,5117,1727,1799,0,13,1156,223,1863,874,875,336,178,12043,1911,5784,12575,779,1209,1120,874,878,1300,472,1525,1132,692,869,512,386,438,21991,11051,7560,2227,603,4099,317,630,389,278,2106,1024,94,1371,1249,2289,663,624,547,704,813,40,29,348,3068,200,67,401,149,103,184,222,1079,830,1908,406,110,177,737,1694,119,1333,285,87,475
2017-12,5,1891,4790,3093,765,487,110,55,82,43,30,2489,4499,1565,1251,13428,16207,7603,5371,1373,3122,1080,2213,1132,4022,1435,1533,0,11,959,200,1641,710,583,240,175,10162,1617,4843,11053,636,944,1007,746,722,1056,380,1354,908,553,782,440,322,382,18713,9523,6224,1796,446,3534,263,532,258,198,1761,856,84,1137,1037,1950,616,507,497,611,745,16,13,230,2260,196,61,372,155,77,153,327,881,670,1767,334,96,154,608,1282,111,1175,252,59,399
